{"cameraMode":{"drawMode":0,"name":"Shaded","section":"Shading Mode"},"sceneLighting":false,"audioPlay":false,"sceneViewState":{"m_AlwaysRefresh":false,"showFog":true,"showSkybox":false,"showFlares":true,"showImageEffects":true,"showParticleSystems":true,"showVisualEffectGraphs":true,"m_FxEnabled":true},"in2DMode":false,"pivot":{"x":-0.13071835041046143,"y":0.9712882041931152,"z":-0.3610663414001465},"rotation":{"x":-0.004606508184224367,"y":0.9705039262771606,"z":-0.22421908378601075,"w":-0.07162744551897049},"size":1.835557222366333,"orthographic":false}