{"cameraMode":{"drawMode":0,"name":"Shaded","section":"Shading Mode"},"sceneLighting":false,"audioPlay":false,"sceneViewState":{"m_AlwaysRefresh":false,"showFog":true,"showSkybox":false,"showFlares":true,"showImageEffects":true,"showParticleSystems":true,"showVisualEffectGraphs":true,"m_FxEnabled":true},"in2DMode":false,"pivot":{"x":0.12999334931373597,"y":0.1376502513885498,"z":0.20124751329421998},"rotation":{"x":0.02845805138349533,"y":-0.9703944325447083,"z":0.15001130104064942,"w":0.18636168539524079},"size":0.39188235998153689,"orthographic":false}