{"cameraMode":{"drawMode":0,"name":"Shaded","section":"Shading Mode"},"sceneLighting":false,"audioPlay":false,"sceneViewState":{"m_AlwaysRefresh":false,"showFog":true,"showSkybox":false,"showFlares":true,"showImageEffects":true,"showParticleSystems":true,"showVisualEffectGraphs":true,"m_FxEnabled":true},"in2DMode":false,"pivot":{"x":0.000003129243850708008,"y":-0.01610010862350464,"z":-0.00001383945345878601},"rotation":{"x":-0.11677160114049912,"y":-0.8760256171226502,"z":0.26553279161453249,"w":-0.385235458612442},"size":0.40344586968421938,"orthographic":false}