{"cameraMode":{"drawMode":0,"name":"Shaded","section":"Shading Mode"},"sceneLighting":false,"audioPlay":false,"sceneViewState":{"m_AlwaysRefresh":false,"showFog":true,"showSkybox":false,"showFlares":true,"showImageEffects":true,"showParticleSystems":true,"showVisualEffectGraphs":true,"m_FxEnabled":true},"in2DMode":false,"pivot":{"x":0.9567128419876099,"y":-1.8404830694198609,"z":3.1246533393859865},"rotation":{"x":-0.2504154443740845,"y":-0.12533849477767945,"z":0.03271312266588211,"w":-0.9594248533248901},"size":2.9875965118408205,"orthographic":false}