{"cameraMode":{"drawMode":0,"name":"Shaded","section":"Shading Mode"},"sceneLighting":false,"audioPlay":false,"sceneViewState":{"m_AlwaysRefresh":false,"showFog":true,"showSkybox":false,"showFlares":true,"showImageEffects":true,"showParticleSystems":true,"showVisualEffectGraphs":true,"m_FxEnabled":true},"in2DMode":false,"pivot":{"x":0.06859706342220307,"y":1.6465516090393067,"z":0.40318363904953005},"rotation":{"x":0.07224240899085999,"y":0.005386268720030785,"z":-0.00041025152313522995,"w":0.9973363876342773},"size":0.8954669833183289,"orthographic":false}