{"cameraMode":{"drawMode":0,"name":"Shaded","section":"Shading Mode"},"sceneLighting":false,"audioPlay":false,"sceneViewState":{"m_AlwaysRefresh":false,"showFog":true,"showSkybox":false,"showFlares":true,"showImageEffects":true,"showParticleSystems":true,"showVisualEffectGraphs":true,"m_FxEnabled":true},"in2DMode":false,"pivot":{"x":8.853537559509278,"y":3.4046592712402345,"z":-0.4218519926071167},"rotation":{"x":-0.041551120579242709,"y":0.6892479658126831,"z":-0.03940688446164131,"w":-0.7219652533531189},"size":0.8660253882408142,"orthographic":false}