{"cameraMode":{"drawMode":0,"name":"Shaded","section":"Shading Mode"},"sceneLighting":false,"audioPlay":false,"sceneViewState":{"m_AlwaysRefresh":false,"showFog":true,"showSkybox":false,"showFlares":true,"showImageEffects":true,"showParticleSystems":true,"showVisualEffectGraphs":true,"m_FxEnabled":true},"in2DMode":false,"pivot":{"x":0.00470888614654541,"y":0.10118068009614945,"z":-0.10217094421386719},"rotation":{"x":-0.0008140827994793654,"y":0.9949881434440613,"z":-0.09913865476846695,"w":-0.00993227306753397},"size":1.8528926372528077,"orthographic":false}