{"cameraMode":{"drawMode":0,"name":"Shaded","section":"Shading Mode"},"sceneLighting":false,"audioPlay":false,"sceneViewState":{"m_AlwaysRefresh":false,"showFog":true,"showSkybox":false,"showFlares":true,"showImageEffects":true,"showParticleSystems":true,"showVisualEffectGraphs":true,"m_FxEnabled":true},"in2DMode":false,"pivot":{"x":0.0026862993836402895,"y":0.05201658234000206,"z":0.00007217377424240112},"rotation":{"x":-0.0008140827994793654,"y":0.9949881434440613,"z":-0.09913865476846695,"w":-0.00993227306753397},"size":0.09587977081537247,"orthographic":false}