{"cameraMode":{"drawMode":0,"name":"Shaded","section":"Shading Mode"},"sceneLighting":false,"audioPlay":false,"sceneViewState":{"m_AlwaysRefresh":false,"showFog":true,"showSkybox":false,"showFlares":true,"showImageEffects":true,"showParticleSystems":true,"showVisualEffectGraphs":true,"m_FxEnabled":true},"in2DMode":false,"pivot":{"x":12.123764991760254,"y":0.16697560250759126,"z":10.201428413391114},"rotation":{"x":0.23231074213981629,"y":-0.4596407413482666,"z":0.12556973099708558,"w":0.8476654887199402},"size":2.4996800422668459,"orthographic":false}