{"cameraMode":{"drawMode":0,"name":"Shaded","section":"Shading Mode"},"sceneLighting":false,"audioPlay":false,"sceneViewState":{"m_AlwaysRefresh":false,"showFog":true,"showSkybox":false,"showFlares":true,"showImageEffects":true,"showParticleSystems":true,"showVisualEffectGraphs":true,"m_FxEnabled":true},"in2DMode":false,"pivot":{"x":-0.6156972646713257,"y":0.6075860261917114,"z":1.4724739789962769},"rotation":{"x":0.16482451558113099,"y":0.7695226669311523,"z":-0.2127721905708313,"w":0.5776593089103699},"size":0.6464917659759522,"orthographic":false}