{"cameraMode":{"drawMode":0,"name":"Shaded","section":"Shading Mode"},"sceneLighting":false,"audioPlay":false,"sceneViewState":{"m_AlwaysRefresh":false,"showFog":true,"showSkybox":false,"showFlares":true,"showImageEffects":true,"showParticleSystems":true,"showVisualEffectGraphs":true,"m_FxEnabled":true},"in2DMode":false,"pivot":{"x":0.0016290545463562012,"y":0.007293998263776302,"z":0.008947499096393586},"rotation":{"x":-0.14878109097480775,"y":-0.8402286767959595,"z":0.2881498336791992,"w":-0.43426403403282168},"size":0.2759966552257538,"orthographic":false}