{"cameraMode":{"drawMode":0,"name":"Shaded","section":"Shading Mode"},"sceneLighting":false,"audioPlay":false,"sceneViewState":{"m_AlwaysRefresh":false,"showFog":true,"showSkybox":false,"showFlares":true,"showImageEffects":true,"showParticleSystems":true,"showVisualEffectGraphs":true,"m_FxEnabled":true},"in2DMode":false,"pivot":{"x":0.3232644200325012,"y":-0.01330578699707985,"z":2.0703206062316896},"rotation":{"x":0.15884257853031159,"y":-0.3354489207267761,"z":0.05760516598820686,"w":0.926580011844635},"size":4.820284366607666,"orthographic":false}