{"cameraMode":{"drawMode":0,"name":"Shaded","section":"Shading Mode"},"sceneLighting":false,"audioPlay":false,"sceneViewState":{"m_AlwaysRefresh":false,"showFog":true,"showSkybox":false,"showFlares":true,"showImageEffects":true,"showParticleSystems":true,"showVisualEffectGraphs":true,"m_FxEnabled":true},"in2DMode":false,"pivot":{"x":4.8869781494140629,"y":0.5583439469337463,"z":1.3009916543960572},"rotation":{"x":-0.11409943550825119,"y":-0.5803883671760559,"z":0.08256497979164124,"w":-0.8020629286766052},"size":5.968732833862305,"orthographic":false}