{"cameraMode":{"drawMode":0,"name":"Shaded","section":"Shading Mode"},"sceneLighting":false,"audioPlay":false,"sceneViewState":{"m_AlwaysRefresh":false,"showFog":true,"showSkybox":false,"showFlares":true,"showImageEffects":true,"showParticleSystems":true,"showVisualEffectGraphs":true,"m_FxEnabled":true},"in2DMode":false,"pivot":{"x":0.1561058610677719,"y":0.928766667842865,"z":1.6786952018737794},"rotation":{"x":0.004290204029530287,"y":-0.9909946918487549,"z":0.08650851249694824,"w":0.09409128129482269},"size":0.36857426166534426,"orthographic":false}