{"cameraMode":{"drawMode":0,"name":"Shaded","section":"Shading Mode"},"sceneLighting":false,"audioPlay":false,"sceneViewState":{"m_AlwaysRefresh":false,"showFog":true,"showSkybox":false,"showFlares":true,"showImageEffects":true,"showParticleSystems":true,"showVisualEffectGraphs":true,"m_FxEnabled":true},"in2DMode":false,"pivot":{"x":-0.06706127524375916,"y":1.078017234802246,"z":-1.02084481716156},"rotation":{"x":0.0024798731319606306,"y":0.9871586561203003,"z":-0.1570807844400406,"w":0.013498266227543354},"size":1.3647871017456055,"orthographic":false}