{"cameraMode":{"drawMode":0,"name":"Shaded","section":"Shading Mode"},"sceneLighting":false,"audioPlay":false,"sceneViewState":{"m_AlwaysRefresh":false,"showFog":true,"showSkybox":false,"showFlares":true,"showImageEffects":true,"showParticleSystems":true,"showVisualEffectGraphs":true,"m_FxEnabled":true},"in2DMode":false,"pivot":{"x":0.15071088075637818,"y":1.0679396390914918,"z":-0.8619327545166016},"rotation":{"x":-0.002674303948879242,"y":-0.9908165335655212,"z":0.13306736946105958,"w":-0.020796677097678186},"size":1.372399091720581,"orthographic":false}