{"cameraMode":{"drawMode":0,"name":"Shaded","section":"Shading Mode"},"sceneLighting":false,"audioPlay":false,"sceneViewState":{"m_AlwaysRefresh":false,"showFog":true,"showSkybox":false,"showFlares":true,"showImageEffects":true,"showParticleSystems":true,"showVisualEffectGraphs":true,"m_FxEnabled":true},"in2DMode":false,"pivot":{"x":-3.725290298461914e-8,"y":0.09801311790943146,"z":-3.725290298461914e-9},"rotation":{"x":-0.14878109097480775,"y":-0.8402286767959595,"z":0.2881498336791992,"w":-0.43426403403282168},"size":0.11290770024061203,"orthographic":false}