{"cameraMode":{"drawMode":0,"name":"Shaded","section":"Shading Mode"},"sceneLighting":false,"audioPlay":false,"sceneViewState":{"m_AlwaysRefresh":false,"showFog":true,"showSkybox":false,"showFlares":true,"showImageEffects":true,"showParticleSystems":true,"showVisualEffectGraphs":true,"m_FxEnabled":true},"in2DMode":false,"pivot":{"x":-0.10907964408397675,"y":-0.3356962502002716,"z":-0.5158352255821228},"rotation":{"x":0.03806309774518013,"y":-0.9604647755622864,"z":0.21565385162830354,"w":0.17106597125530244},"size":0.4128344655036926,"orthographic":false}