{"cameraMode":{"drawMode":0,"name":"Shaded","section":"Shading Mode"},"sceneLighting":false,"audioPlay":false,"sceneViewState":{"m_AlwaysRefresh":false,"showFog":true,"showSkybox":false,"showFlares":true,"showImageEffects":true,"showParticleSystems":true,"showVisualEffectGraphs":true,"m_FxEnabled":true},"in2DMode":false,"pivot":{"x":-0.02244168147444725,"y":-0.14824941754341126,"z":-0.0974264070391655},"rotation":{"x":0.037864621728658679,"y":-0.9614255428314209,"z":0.1812940537929535,"w":0.20265819132328034},"size":0.26133865118026736,"orthographic":false}