{"cameraMode":{"drawMode":0,"name":"Shaded","section":"Shading Mode"},"sceneLighting":false,"audioPlay":false,"sceneViewState":{"m_AlwaysRefresh":false,"showFog":true,"showSkybox":false,"showFlares":true,"showImageEffects":true,"showParticleSystems":true,"showVisualEffectGraphs":true,"m_FxEnabled":true},"in2DMode":false,"pivot":{"x":0.0016290545463562012,"y":0.007293998263776302,"z":0.008947499096393586},"rotation":{"x":0.2259606420993805,"y":-0.5193921327590942,"z":0.14491082727909089,"w":0.8111007809638977},"size":0.2759966552257538,"orthographic":false}