{"cameraMode":{"drawMode":0,"name":"Shaded","section":"Shading Mode"},"sceneLighting":false,"audioPlay":false,"sceneViewState":{"m_AlwaysRefresh":false,"showFog":true,"showSkybox":false,"showFlares":true,"showImageEffects":true,"showParticleSystems":true,"showVisualEffectGraphs":true,"m_FxEnabled":true},"in2DMode":false,"pivot":{"x":1.276366114616394,"y":0.009532809257507325,"z":-2.2359626293182375},"rotation":{"x":0.0796094760298729,"y":0.9253942966461182,"z":-0.2796066701412201,"w":0.23887096345424653},"size":1.7313276529312134,"orthographic":false}