{"cameraMode":{"drawMode":0,"name":"Shaded","section":"Shading Mode"},"sceneLighting":false,"audioPlay":false,"sceneViewState":{"m_AlwaysRefresh":false,"showFog":true,"showSkybox":false,"showFlares":true,"showImageEffects":true,"showParticleSystems":true,"showVisualEffectGraphs":true,"m_FxEnabled":true},"in2DMode":false,"pivot":{"x":-0.11608953773975373,"y":1.5538259744644166,"z":1.0530389547348023},"rotation":{"x":-0.000510648766066879,"y":-0.9931453466415405,"z":0.11251427233219147,"w":0.004081245046108961},"size":0.8660253882408142,"orthographic":false}