{"cameraMode":{"drawMode":0,"name":"Shaded","section":"Shading Mode"},"sceneLighting":false,"audioPlay":false,"sceneViewState":{"m_AlwaysRefresh":false,"showFog":true,"showSkybox":true,"showFlares":true,"showImageEffects":true,"showParticleSystems":true,"showVisualEffectGraphs":true,"m_FxEnabled":true},"in2DMode":false,"pivot":{"x":0.5387749671936035,"y":1.4858790636062623,"z":1.084125280380249},"rotation":{"x":0.044133059680461887,"y":-0.9514615535736084,"z":0.1628033071756363,"w":0.25719863176345827},"size":0.24767085909843446,"orthographic":false}