{"cameraMode":{"drawMode":0,"name":"Shaded","section":"Shading Mode"},"sceneLighting":false,"audioPlay":false,"sceneViewState":{"m_AlwaysRefresh":false,"showFog":true,"showSkybox":false,"showFlares":true,"showImageEffects":true,"showParticleSystems":true,"showVisualEffectGraphs":true,"m_FxEnabled":true},"in2DMode":false,"pivot":{"x":-3.725290298461914e-8,"y":-0.24068590998649598,"z":0.006570786237716675},"rotation":{"x":0.2259606420993805,"y":-0.5193921327590942,"z":0.14491082727909089,"w":0.8111007809638977},"size":0.29042530059814455,"orthographic":false}