{"cameraMode":{"drawMode":0,"name":"Shaded","section":"Shading Mode"},"sceneLighting":false,"audioPlay":false,"sceneViewState":{"m_AlwaysRefresh":false,"showFog":true,"showSkybox":false,"showFlares":true,"showImageEffects":true,"showParticleSystems":true,"showVisualEffectGraphs":true,"m_FxEnabled":true},"in2DMode":false,"pivot":{"x":-0.10150250047445297,"y":1.724377989768982,"z":0.08775317668914795},"rotation":{"x":0.051271580159664157,"y":-0.023065689951181413,"z":0.0011644858168438078,"w":0.9983813166618347},"size":0.8954669833183289,"orthographic":false}