{"cameraMode":{"drawMode":0,"name":"Shaded","section":"Shading Mode"},"sceneLighting":false,"audioPlay":false,"sceneViewState":{"m_AlwaysRefresh":false,"showFog":true,"showSkybox":false,"showFlares":true,"showImageEffects":true,"showParticleSystems":true,"showVisualEffectGraphs":true,"m_FxEnabled":true},"in2DMode":false,"pivot":{"x":0.5001106262207031,"y":6.939546585083008,"z":-0.26439571380615237},"rotation":{"x":0.2399723380804062,"y":0.06753978133201599,"z":-0.009936656802892685,"w":0.9673094153404236},"size":12.53548812866211,"orthographic":false}