{"cameraMode":{"drawMode":0,"name":"Shaded","section":"Shading Mode"},"sceneLighting":false,"audioPlay":false,"sceneViewState":{"m_AlwaysRefresh":false,"showFog":true,"showSkybox":false,"showFlares":true,"showImageEffects":true,"showParticleSystems":true,"showVisualEffectGraphs":true,"m_FxEnabled":true},"in2DMode":false,"pivot":{"x":-0.008901211433112622,"y":1.7768526077270508,"z":-1.5249921083450318},"rotation":{"x":-0.0002702781930565834,"y":0.9990538954734802,"z":0.028169773519039155,"w":0.005298699717968702},"size":1.3401247262954713,"orthographic":false}