{"cameraMode":{"drawMode":0,"name":"Shaded","section":"Shading Mode"},"sceneLighting":false,"audioPlay":false,"sceneViewState":{"m_AlwaysRefresh":false,"showFog":true,"showSkybox":false,"showFlares":true,"showImageEffects":true,"showParticleSystems":true,"showVisualEffectGraphs":true,"m_FxEnabled":true},"in2DMode":false,"pivot":{"x":-6.0881428718566898,"y":-2.1450304985046388,"z":1.254516839981079},"rotation":{"x":0.21363531053066255,"y":0.06541237235069275,"z":-0.01046898402273655,"w":0.973758339881897},"size":3.0193517208099367,"orthographic":false}