{"cameraMode":{"drawMode":0,"name":"Shaded","section":"Shading Mode"},"sceneLighting":false,"audioPlay":false,"sceneViewState":{"m_AlwaysRefresh":false,"showFog":true,"showSkybox":false,"showFlares":true,"showImageEffects":true,"showParticleSystems":true,"showVisualEffectGraphs":true,"m_FxEnabled":true},"in2DMode":false,"pivot":{"x":-0.019495105370879175,"y":-0.38107267022132876,"z":0.4918712079524994},"rotation":{"x":0.25519877672195437,"y":-0.029616983607411386,"z":0.007273453753441572,"w":0.9658187627792358},"size":0.7148060202598572,"orthographic":false}