{"cameraMode":{"drawMode":0,"name":"Shaded","section":"Shading Mode"},"sceneLighting":false,"audioPlay":false,"sceneViewState":{"m_AlwaysRefresh":false,"showFog":true,"showSkybox":false,"showFlares":true,"showImageEffects":true,"showParticleSystems":true,"showVisualEffectGraphs":true,"m_FxEnabled":true},"in2DMode":false,"pivot":{"x":0.023730933666229249,"y":0.21917924284934998,"z":-0.09476518630981446},"rotation":{"x":0.15548118948936463,"y":-0.29655060172080996,"z":0.04910077899694443,"w":0.9407987594604492},"size":1.2876530885696412,"orthographic":false}