{"cameraMode":{"drawMode":0,"name":"Shaded","section":"Shading Mode"},"sceneLighting":false,"audioPlay":false,"sceneViewState":{"m_AlwaysRefresh":false,"showFog":true,"showSkybox":false,"showFlares":true,"showImageEffects":true,"showParticleSystems":true,"showVisualEffectGraphs":true,"m_FxEnabled":true},"in2DMode":false,"pivot":{"x":-1.0010372400283814,"y":1.1397626399993897,"z":-2.6897900104522707},"rotation":{"x":-0.15119634568691255,"y":-0.19377656280994416,"z":0.030240118503570558,"w":-0.9688435196876526},"size":0.000017320508050033823,"orthographic":false}