{"cameraMode":{"drawMode":0,"name":"Shaded","section":"Shading Mode"},"sceneLighting":false,"audioPlay":false,"sceneViewState":{"m_AlwaysRefresh":false,"showFog":true,"showSkybox":false,"showFlares":true,"showImageEffects":true,"showParticleSystems":true,"showVisualEffectGraphs":true,"m_FxEnabled":true},"in2DMode":false,"pivot":{"x":-0.34712496399879458,"y":0.5503139495849609,"z":0.5402436852455139},"rotation":{"x":0.14971768856048585,"y":-0.2687476873397827,"z":0.042562950402498248,"w":0.9503976702690125},"size":0.4999839663505554,"orthographic":false}