{"cameraMode":{"drawMode":0,"name":"Shaded","section":"Shading Mode"},"sceneLighting":false,"audioPlay":false,"sceneViewState":{"m_AlwaysRefresh":false,"showFog":true,"showSkybox":false,"showFlares":true,"showImageEffects":true,"showParticleSystems":true,"showVisualEffectGraphs":true,"m_FxEnabled":true},"in2DMode":false,"pivot":{"x":-0.1437680870294571,"y":1.5550596714019776,"z":-1.9969173669815064},"rotation":{"x":0.00010755319817690179,"y":-0.9991775751113892,"z":-0.0000047239186642400458,"w":0.03901758790016174},"size":1.3647871017456055,"orthographic":false}