{"cameraMode":{"drawMode":0,"name":"Shaded","section":"Shading Mode"},"sceneLighting":false,"audioPlay":false,"sceneViewState":{"m_AlwaysRefresh":false,"showFog":true,"showSkybox":false,"showFlares":true,"showImageEffects":true,"showParticleSystems":true,"showVisualEffectGraphs":true,"m_FxEnabled":true},"in2DMode":false,"pivot":{"x":0.14560435712337495,"y":0.6204825639724731,"z":-0.9451484680175781},"rotation":{"x":-0.006023775320500135,"y":-0.9733666777610779,"z":0.22739660739898683,"w":-0.026284001767635347},"size":1.3347039222717286,"orthographic":false}