{"cameraMode":{"drawMode":0,"name":"Shaded","section":"Shading Mode"},"sceneLighting":false,"audioPlay":false,"sceneViewState":{"m_AlwaysRefresh":false,"showFog":true,"showSkybox":false,"showFlares":true,"showImageEffects":true,"showParticleSystems":true,"showVisualEffectGraphs":true,"m_FxEnabled":true},"in2DMode":false,"pivot":{"x":0.035248976200819018,"y":0.576227068901062,"z":0.08702655136585236},"rotation":{"x":-0.00011608575732680038,"y":0.9992163777351379,"z":-0.01979757659137249,"w":0.0023069821763783695},"size":0.7558561563491821,"orthographic":false}