{"cameraMode":{"drawMode":0,"name":"Shaded","section":"Shading Mode"},"sceneLighting":false,"audioPlay":false,"sceneViewState":{"m_AlwaysRefresh":false,"showFog":true,"showSkybox":false,"showFlares":true,"showImageEffects":true,"showParticleSystems":true,"showVisualEffectGraphs":true,"m_FxEnabled":true},"in2DMode":false,"pivot":{"x":0.16072005033493043,"y":0.006387378554791212,"z":-0.7483091354370117},"rotation":{"x":0.02238464169204235,"y":0.9468957781791687,"z":-0.314188152551651,"w":0.04591960459947586},"size":1.3374097347259522,"orthographic":false}