{"cameraMode":{"drawMode":0,"name":"Shaded","section":"Shading Mode"},"sceneLighting":false,"audioPlay":false,"sceneViewState":{"m_AlwaysRefresh":false,"showFog":true,"showSkybox":false,"showFlares":true,"showImageEffects":true,"showParticleSystems":true,"showVisualEffectGraphs":true,"m_FxEnabled":true},"in2DMode":false,"pivot":{"x":1.1437768936157227,"y":1.1228809356689454,"z":-1.3359469175338746},"rotation":{"x":0.005190400872379541,"y":-0.409942626953125,"z":-0.002331650350242853,"w":-0.9120813608169556},"size":0.000017320508050033823,"orthographic":false}