{"cameraMode":{"drawMode":0,"name":"Shaded","section":"Shading Mode"},"sceneLighting":false,"audioPlay":false,"sceneViewState":{"m_AlwaysRefresh":false,"showFog":true,"showSkybox":false,"showFlares":true,"showImageEffects":true,"showParticleSystems":true,"showVisualEffectGraphs":true,"m_FxEnabled":true},"in2DMode":false,"pivot":{"x":0.0000074960234996979128,"y":0.000022626099962508306,"z":-0.0000037302597775124015},"rotation":{"x":0.13581444323062898,"y":-0.3410569131374359,"z":-0.04986738786101341,"w":-0.9288370013237},"size":0.000017320508050033823,"orthographic":false}