{"cameraMode":{"drawMode":0,"name":"Shaded","section":"Shading Mode"},"sceneLighting":false,"audioPlay":false,"sceneViewState":{"m_AlwaysRefresh":false,"showFog":true,"showSkybox":false,"showFlares":true,"showImageEffects":true,"showParticleSystems":true,"showVisualEffectGraphs":true,"m_FxEnabled":true},"in2DMode":false,"pivot":{"x":-0.009471297264099121,"y":0.5004635453224182,"z":0.008305847644805909},"rotation":{"x":0.17014338076114655,"y":0.7653055787086487,"z":-0.21776700019836427,"w":0.5798538327217102},"size":0.8647624850273132,"orthographic":false}