{"cameraMode":{"drawMode":0,"name":"Shaded","section":"Shading Mode"},"sceneLighting":false,"audioPlay":false,"sceneViewState":{"m_AlwaysRefresh":false,"showFog":true,"showSkybox":false,"showFlares":true,"showImageEffects":true,"showParticleSystems":true,"showVisualEffectGraphs":true,"m_FxEnabled":true},"in2DMode":false,"pivot":{"x":0.006541021168231964,"y":-0.3806125521659851,"z":-0.000007797032594680786},"rotation":{"x":0.13636139035224915,"y":0.00487000634893775,"z":-0.00045269590918906033,"w":0.990497887134552},"size":0.937454879283905,"orthographic":false}